gender,age,diabetes,hypertension,stroke,heart disease,smoking history,BMI
Female,80,0,0,0,1,never,25.19
Female,54,0,0,0,0,,
Male,28,0,0,0,0,never,
Female,36,0,0,0,0,current,23.45
Male,76,0,1,0,1,current,20.14
Female,20,0,0,0,0,never,
Female,44,1,0,0,0,never,19.31
Female,79,0,0,0,0,,23.86
Male,42,0,0,0,0,never,33.64
Female,32,0,0,0,0,never,
Female,53,0,0,0,0,never,
Female,54,0,0,0,0,former,54.7
Female,78,0,0,0,0,former,36.05
Female,67,0,0,0,0,never,25.69
Female,76,0,0,0,0,,
Male,78,0,0,0,0,,
Male,15,0,0,0,0,never,30.36
Female,42,0,0,0,0,never,24.48
Female,42,0,0,0,0,,
Male,37,0,0,0,0,ever,25.72
Male,40,0,0,0,0,current,36.38
Male,5,0,0,0,0,,18.8
Female,69,0,0,0,0,never,21.24
Female,72,0,0,0,1,former,27.94
Female,4,0,0,0,0,,13.99
Male,30,0,0,0,0,never,33.76
Male,67,1,0,0,1,not current,
Male,40,0,0,0,0,former,27.85
Male,45,0,1,0,0,never,26.47
Male,43,0,0,0,0,never,26.08
Female,53,0,0,0,0,,31.75
Male,50,0,0,0,0,,25.15
Female,41,0,0,0,0,current,22.01
Female,20,0,0,0,0,never,22.19
Female,76,0,0,0,0,never,23.55
Male,5,0,0,0,0,,15.1
Female,15,0,0,0,0,,21.76
Female,26,0,0,0,0,never,21.22
Male,50,1,1,0,0,current,
Female,34,0,0,0,0,never,56.43
Male,73,1,0,0,0,former,25.91
Male,5,0,0,0,0,,
Female,77,0,1,0,1,never,32.02
Female,66,0,0,0,0,,29.3
Female,67,0,0,0,0,,
Female,44,0,0,0,0,never,24.93
Female,29,0,0,0,0,never,19.95
Female,60,0,0,0,0,never,18.03
Female,38,0,0,0,0,never,28.27
Female,3,0,0,0,0,,19.27
Male,57,0,0,0,0,never,
Female,26,0,0,0,0,,
Female,74,0,0,0,0,,28.12
Female,53,1,0,0,0,former,
Female,45,0,1,0,0,never,23.05
Male,50,1,0,0,0,former,37.16
Male,30,0,0,0,0,,
Female,19,0,0,0,0,never,23.35
Male,46,0,0,0,0,,24.41
Female,67,1,0,0,0,never,63.48
Male,44,0,1,0,0,current,27.86
Female,21,0,0,0,0,not current,26.1
Female,30,0,0,0,0,current,
Female,59,0,0,0,0,former,
Female,27,0,0,0,0,not current,30.22
Female,59,0,0,0,1,ever,23.11
Female,19,0,0,0,0,not current,
Female,13,0,0,0,0,,28.16
Male,56,0,0,0,0,never,26.78
Male,2,0,0,0,0,,23.04
Male,7,0,0,0,0,,15.94
Male,3,0,0,0,0,,15.8
Female,30,0,0,0,0,never,27.01
Male,43,0,0,0,0,not current,
Female,76,0,0,0,0,never,22.19
Female,41,0,0,0,0,never,27.45
Female,11,0,0,0,0,,17.98
Female,26,0,0,0,0,never,26.45
Male,34,0,0,0,0,never,31.16
Male,80,0,0,1,0,former,24.42
Female,37,0,0,0,0,,30.5
Male,57,1,0,0,0,,
Female,53,0,0,0,0,former,26.37
Male,54,0,0,0,0,never,31.86
Female,37,0,0,0,0,,21.25
Female,56,0,0,0,0,never,30.95
Male,79,0,0,0,0,former,31.19
Female,36,1,0,0,0,current,32.27
Female,38,0,0,0,0,ever,22.42
Female,6,0,0,0,0,,16.39
Female,42,0,0,0,0,never,17.46
Female,44,0,0,0,0,never,37.35
Male,54,0,0,0,0,former,32.85
Male,38,0,0,0,0,never,55.61
Female,60,1,0,0,0,never,
Male,19,0,0,0,0,never,
Female,67,1,0,0,0,never,
Male,11,0,0,0,0,,
Female,30,0,0,0,0,,50.13
Male,29,0,0,0,0,current,
Male,38,0,0,0,0,never,
Female,74,0,0,0,0,former,
Male,27,0,0,0,0,,
Female,55,0,0,0,0,ever,18.6
Female,80,1,1,0,0,never,
Female,57,0,0,0,0,never,24.18
Female,80,0,0,0,0,,
Female,80,0,0,0,0,never,37.26
Male,40,0,0,0,0,,
Female,9,0,0,0,0,,19.39
Female,50,0,0,0,0,,31.21
Female,62,0,0,0,0,never,21.12
Male,37,0,0,0,0,,27.14
Female,47,0,0,0,0,never,20.6
Female,55,0,1,0,0,never,34.2
Male,28,0,0,0,0,never,27.63
Female,66,0,0,0,0,not current,20.3
Female,43,0,0,0,0,current,18.67
Female,12,0,0,0,0,,20.9
Male,68,0,1,0,1,current,
Female,36,0,0,0,0,,
Male,27,0,0,0,0,,20.41
Female,5,0,0,0,0,never,16.76
Male,75,0,0,0,0,former,
Male,7,0,0,0,0,,15.06
Female,77,1,0,0,0,never,31.7
Male,79,0,1,0,0,,28.73
Female,79,0,0,0,0,never,25.18
Female,22,0,0,0,0,never,25.77
Male,58,0,0,0,0,former,36.53
Male,11,0,0,0,0,,27.59
Male,40,0,0,0,0,,
Female,79,0,0,0,0,,
Female,28,0,0,0,0,not current,26.79
Male,18,0,0,0,0,,35.55
Male,80,1,0,0,0,never,22.06
Female,47,1,0,0,0,never,36.49
Female,24,0,0,0,0,current,25.15
Female,42,0,0,0,0,not current,27.8
Male,18,0,0,0,0,never,23.76
Female,80,0,1,0,0,never,44.06
Female,34,0,0,0,0,never,
Female,80,1,0,0,0,former,21.97
Male,38,0,0,0,0,,29.4
Female,80,0,0,0,0,never,20.16
Female,80,0,0,0,0,,
Male,53,1,0,0,0,current,30.8
Male,34,0,0,0,0,,24
Female,17,0,0,0,0,,22.95
Female,29,0,0,0,0,,33.22
Male,55,0,0,0,0,current,
Female,12,0,0,0,0,,27.93
Female,29,0,0,0,0,never,29.6
Female,25,0,0,0,0,,
Female,67,0,0,0,0,never,25.15
Female,0.08,0,0,0,0,,14.43
Female,54,0,0,0,0,ever,26.72
Female,33,0,0,0,0,never,41.24
Female,68,0,0,0,0,former,34.87
Female,38,0,0,0,0,,23.96
Female,62,0,0,0,0,,36.27
Female,57,0,0,0,0,former,29.06
Male,59,0,0,0,1,ever,30.85
Male,16,0,0,0,0,never,17.61
Female,21,0,0,0,0,,27.7
Female,15,0,0,0,0,never,19.21
Female,33,0,0,0,0,,22.34
Female,80,0,0,0,1,never,29.59
Female,46,0,0,0,0,former,35.44
Female,61,1,0,0,0,not current,39.36
Female,31,0,0,0,0,ever,27.39
Male,41,0,0,0,0,never,
Female,34,0,0,0,0,,
Male,8,0,0,0,0,,
Male,76,1,0,0,0,never,31.9
Male,60,0,0,0,0,,
Female,49,0,0,0,0,never,26.61
Female,59,0,0,0,0,ever,23.08
Male,31,0,0,0,0,never,25.84
Male,25,0,0,0,0,never,
Female,59,0,0,0,0,never,25.8
Male,39,0,0,0,0,never,
Female,25,0,0,0,0,never,26.02
Male,9,0,0,0,0,,
Female,27,0,0,0,0,,
Male,41,0,0,0,0,former,23.56
Female,29,0,0,0,0,never,24.65
Female,40,0,0,0,0,,
Female,21,0,0,0,0,current,25.11
Female,77,0,0,0,0,never,
Male,27,0,0,0,0,,
Male,65,0,0,0,0,not current,30.37
Female,56,0,0,0,0,never,21.54
Female,26,0,0,0,0,never,40.9
Female,41,0,0,0,0,never,26.7
Female,45,0,0,0,0,former,42.24
Male,80,0,0,0,0,,
Male,76,0,0,0,0,never,23.93
Female,3,0,0,0,0,,15.48
